{
    "nodes": {
        "3d75edab-a751-4f90-abe1-04c26f4a2ba9": {
            "cpu_cores": 3,
            "available_cores": 3,
            "pods": [],
            "last_heartbeat": 1745076678.048093
        },
        "20f8de30-e3d2-401e-a959-f51629be3ee8": {
            "cpu_cores": 4,
            "available_cores": 4,
            "pods": [],
            "last_heartbeat": 1745076680.3495505
        }
    }
}